Name,IATA,ICAO,Country
Amber Air,0A,GNT,Lithuania
Blue Air,0B,JOR,Romania
Darwin Airline,0D,DWT,Switzerland
Dummy,0E,\N,France
Global Airlines,0G,GA0,Argentina
Jetclub,0J,,Switzerland
Jetclub,0J,JCS,Switzerland
All America MX,0M,0MM,Mexico
All America BOPY,0P,PYB,Paraguay
Copenhagen Express,0X,CX0,Denmark
All America CO,0Y,7ZC,Colombia
Amadeus Global Travel Distribution,1A,AGT,Spain
Abacus International,1B,,Singapore
Electronic Data Systems,1C,,Switzerland
OneChina,1C,1CH,China
Radixx Solutions International,1D,,United States
Travelsky Technology,1E,,China
TransRussiaAirlines,1E,RGG,Russia
INFINI Travel Information,1F,,Japan
CB Airways UK ( Interliging Flights ),1F,CIF,United Kingdom
Galileo International,1G,,United States
Siren-Travel,1H,,Russia
Hellenic Airways,1H,HEY,Greece
Deutsche Rettungsflugwacht,1I,AMB,Germany
NetJets,1I,EJA,United States
Novair,1I,NVR,Sweden
Pegasus Hava Tasimaciligi,1I,,Turkey
Sierra Nevada Airlines,1I,,United States
Sky Trek International Airlines,1I,,
Sky Trek International Airlines,1I,PZR,United States
Southern Cross Distribution,1K,,Australia
Sutra,1K,,United States
BudgetAir,1K,BG1,Germany
Open Skies Consultative Commission,1L,OSY,United States
JSC Transport Automated Information Systems,1M,,Russia
Navitaire,1N,,United States
Worldspan,1P,,United States
Sirena,1Q,,Russia
Hainan Phoenix Information Systems,1R,,China
All America CL,1R,R1R,Chile
Sabre,1S,,United States
1Time Airline,1T,RNX,South Africa
ITA Software,1U,,United States
Polyot Sirena,1U,,Russia
Island Express Air,1X,\N,Canada
All America BR,1Y,A9B,Brazil
Sabre Pacific,1Z,,Australia
Deutsche Bahn,2A,,Germany
Aerocondor,2B,ARD,Portugal
SNCF,2C,,France
Aero VIP,2D,AOG,Argentina
Alaniya Airlines,2D,\N,Russia
Aero VIP (2D),2D,\N,Portugal
Frontier Flying Service,2F,FTA,United States
Cargoitalia,2G,CRG,Italy
San Juan Airlines,2G,MRR,United States
Thalys,2H,,Belgium
Star Peru (2I),2I,\N,Peru
Air Burkina,2J,VBW,Burkina Faso
Aerolineas Galapagos (Aerogal),2K,GLG,Ecuador
Helvetic Airways,2L,OAW,Switzerland
Moldavian Airlines,2M,MDV,Moldova
NextJet,2N,NTJ,Sweden
Air Salone,2O,,Sierra Leone
Air Philippines,2P,GAP,Philippines
Air Cargo Carriers,2Q,SNC,United States
VIA Rail Canada,2R,,Canada
All America AR,2R,M7A,Argentina
Island Express,2S,SDY,United States
Star Equatorial Airlines,2S,,Guinea
Air Carnival,2S,\N,India
Haiti Ambassador Airlines,2T,HAM,Haiti
Air Guinee Express,2U,GIP,Guinea
Welcome Air,2W,WLC,Austria
Regionalia Uruguay,2X,2K2,Uruguay
Air Andaman (2Y),2Y,AOW,Thailand
Changan Airlines,2Z,CGN,China
JobAir,3B,\N,Czech Republic
RegionsAir,3C,CEA,United States
Palair Macedonia,3D,PMK,Macedonia
Palair Macedonia (3D),3D,\N,Macedonia
Air Choice One,3E,\N,United States
Fly Colombia ( Interliging Flights ),3F,3FF,Colombia
Atlant-Soyuz Airlines,3G,AYZ,Russia
Air Comet Chile,3I,\N,Chile
Zip,3J,WZP,Canada
Jetstar Asia Airways,3K,JSA,Singapore
Intersky,3L,ISK,Austria
Silver Airways (3M),3M,\N,United States
Air Urga,3N,URG,Ukraine
Air Arabia Maroc,3O,\N,Morocco
Tiara Air,3P,TNM,Aruba
Yunnan Airlines,3Q,CYH,China
Moskovia Airlines,3R,GAI,Russia
Aeroland Airways,3S,,Greece
Air Antilles Express,3S,\N,Guadeloupe
Turan Air,3T,URN,Azerbaijan
Sichuan Airlines,3U,CSC,China
TNT Airways,3V,TAY,Belgium
3 Valleys Airlines,3V,VA3,France
Euromanx Airways,3W,EMX,Austria
Malawian Airlines,3W,\N,Malawi
Aguilar Connect,3X,GUI,Chile
Air Kiribati,4A,AKL,Kiribati
Boutique Air (Priv),4B,BTQ,United States
Aires,4C,ARE, S.A.
Air Sinai,4D,ASD,Egypt
Air City,4F,ECE,Germany
Advance Leasing Company,4G,,United States
Gazpromavia,4G,GZP,Russia
United Airways,4H,UBD,Bangladesh
Askari Aviation,4K,AAS,Pakistan
Euroline,4L,MJX,Georgia
LAN Argentina,4M,DSM,Argentina
Air North Charter - Canada,4N,ANT,Canada
Interjet (ABC Aerolineas),4O,\N,Mexico
Business Aviation,4P,\N,Congo (Kinshasa)
Safi Airlines,4Q,\N,Afghanistan
Hamburg International,4R,HHI,Germany
Finalair Congo,4S,FNC,Republic of the Congo
Vuola Italia,4S,VI4,Italy
Belair Airlines,4T,BHP,Switzerland
Germanwings,4U,GWI,Germany
Red Jet Mexico,4X,\N,Mexico
Airbus France,4Y,RBU,France
Airlink (SAA),4Z,\N,South Africa
Alpine Air Express,5A,AIP,United States
Bassaka airlines,5B,BSX,Cambodia
CAL Cargo Air Lines,5C,ICL,Israel
Aerolitoral,5D,SLI,Mexico
DonbassAero,5D,UDC,Ukraine
SGA Airlines,5E,\N,Thailand
Arctic Circle Air Service,5F,CIR,United States
Skyservice Airlines,5G,SSV,Canada
Fly540,5H,FFV,Kenya
Cebu Pacific,5J,CEB,Philippines
Hi Fly,5K,HFY,Portugal
Hi Fly (5K),5K,\N,Portugal
Aerosur,5L,RSU,Bolivia
Sibaviatrans,5M,SIB,Russia
Aeroflot-Nord,5N,AUL,Russia
Pal airlines,5P,\N,Chile
BQB Lineas Aereas,5Q,\N,Uruguay
Canadian North,5T,MPE,Canada
Lviv Airlines,5V,UKW,Ukraine
Astraeus,5W,AEU,United Kingdom
United Parcel Service,5X,UPS,United States
Atlas Air,5Y,GTI,United States
Bismillah Airlines,5Z,BML,Bangladesh
VivaColombia,5Z,VVC,Colombia
Consorcio Aviaxsa,6A,CHP,Mexico
TUIfly Nordic,6B,BLX,Sweden
Vuela Cuba,6C,6CC,Cuba
Pelita,6D,\N,Indonesia
IndiGo Airlines,6E,IGO,India
MAT Airways,6F,MKD,Macedonia
Air Wales,6G,AWW,United Kingdom
Israir,6H,ISR,Israel
International Business Air,6I,IBZ,Sweden
Fly 6ix,6I,\N,Sierra Leone
Skynet Asia Airways,6J,SNJ,Japan
Asian Spirit,6K,RIT,Philippines
Nordic Regional,6N,NRD,Sweden
Club Air,6P,ISG,Italy
Gryphon Airlines,6P,\N,United States
Slovak Airlines,6Q,SLL,Slovakia
Alrosa Mirny Air Enterprise,6R,DRU,Russia
Air Mandalay,6T,\N,Burma
Air Ukraine,6U,UKR,Ukraine
Air Cargo Germany,6U,\N,Germany
Air Vegas,6V,VGA,United States
Axis Airways,6V,AXY,France
Mars RK,6V,MRW,Ukraine
Via Conectia Airlines,6V,CZV,Uruguay
Saratov Aviation Division,6W,SOV,Russia
SmartLynx Airlines,6Y,\N,Latvia
Ukrainian Cargo Airways,6Z,UKS,Ukraine
Aztec Worldwide Airlines,7A,,United States
Krasnojarsky Airlines,7B,KJC,Russia
Jeju Air,7C,JJA,Republic of Korea
Aeroline GmbH,7E,AWU,Germany
First Air,7F,FAB,Canada
Star Flyer,7G,SFJ,Japan
Era Alaska,7H,ERR,United States
Insel Air (7I/INC) (Priv),7I,\N,Netherlands Antilles
Tajik Air,7J,\N,Tajikistan
Kogalymavia Air Company,7K,KGL,Russia
Sun D'Or,7L,ERO,Israel
Mongolian International Air Lines ,7M,ZTF,Mongolia
Centavia,7N,CNA,Serbia
Galaxy Air,7O,GAL,Kyrgyzstan
All Colombia,7O,7KK,Colombia
Metro Batavia,7P,BTV,Indonesia
Pan Am World Airways Dominicana,7Q,\N,Dominican Republic
BRA-Transportes Aereos,7R,BRB,Brazil
Svyaz Rossiya,7R,SJM,Russia
Air Glaciers,7T,AGV,Switzerland
Tobruk Air,7T,TOB,Libya
ROYAL BRITAIN,7V,ROB,United Kingdom
Wayraper,7W,,Peru
Med Airways,7Y,\N,Lebanon
Halcyonair,7Z,\N,Cape Verde
Atlas Blue,8A,BMM,Morocco
Caribbean Star Airlines,8B,GFI,Antigua and Barbuda
BusinessAir,8B,BCC,Thailand
Air Transport International,8C,ATN,United States
Air Horizon,8C,HZT,Togo
Shanxi Airlines,8C,CXI,China
Astair,8D,,Russian Federation
Expo Aviation,8D,EXV,Sri Lanka
Servant Air,8D,,United States
Bering Air,8E,BRG,United States
Fischer Air,8F,FFR,Czech Republic
STP Airways,8F,STP,Sao Tome and Principe
Heli France,8H,HFR,France
Myway Airlines,8I,,Italy
Jet4You,8J,JFU,Morocco
Komiinteravia,8J,KMV,Russia
Voestar,8K,K88,Brazil
Cargo Plus Aviation,8L,CGP,United Arab Emirates
Redhill Aviation,8L,RHC,United Kingdom
Maxair,8M,MXL,Sweden
Myanmar Airways International,8M,MMM,Myanmar
Barents AirLink,8N,NKF,Sweden
West Coast Air,8O,,Canada
Pacific Coastal Airline,8P,PCO,Canada
Baker Aviation,8Q,BAJ,United States
Onur Air,8Q,OHY,Turkey
Princess Air,8Q,,
Maldivian Air Taxi,8Q,\N,Maldives
TRIP Linhas A,8R,TIB,Brazil
Scorpio Aviation,8S,,
Air Tindi,8T,,Canadian Territories
Afriqiyah Airways,8U,AAW,Libya
Astral Aviation,8V,ACP,Kenya
Wright Air Service,8V,WRF,United States
BAX Global,8W,,
Private Wings Flugcharter,8W,PWF,Germany
Air Burundi,8Y,PBU,Burundi
China Postal Airlines,8Y,CYZ,China
Linea Aerea de Servicio Ejecutivo Regional,8z,LER,Venezuela
Wizz Air Hungary,8Z,WVL,Bulgaria
Air Atlantic,9A,\N,Canada
All Africa,9A,99F,South Africa
China SSS,9C,\N,China
Pinnacle Airlines,9E,FLG,United States
Tramm Airlines,9F,TLM,Netherlands Antilles
MDLR Airlines,9H,\N,India
Thai Sky Airlines,9I,TKY,Thailand
International Europe,9I,INE,Spain
Regionalia Chile,9J,CR1,Chile
Cape Air,9K,KAP,United States
Colgan Air,9L,CJC,United States
Regional Air Iceland,9N,N78,Iceland
National Airways Cameroon,9O,,Cameroon
Pelangi ,9P,\N,Malaysia
PB Air,9Q,PBA,Thailand
Phuket Air,9R,VAP,Thailand
SATENA,9R,NSE,Colombia
Spring Airlines,9S,CQH,China
Transwest Air,9T,ABS,Canada
Air Moldova,9U,MLD,Moldova
Volotea Costa Rica,9V,VC9,Costa Rica
Jet Airways,9W,JAI,India
Itali Airlines,9X,ACL,Italy
Regionalia Venezuela,9X,9XX,Venezuela
Air Kazakhstan,9Y,KZK,Kazakhstan
Atifly,A1,A1F,United States
Cielos Airlines,A2,CIU,Peru
All America,A2,AL2,United States
Aegean Airlines,A3,AEE,Greece
Southern Winds Airlines,A4,SWD,Argentina
Airlinair,A5,RLA,France
Air Alps Aviation,A6,LPV,Austria
Air Alps Aviation (A6),A6,\N,Austria
Air Plus Comet,A7,MPD,Spain
Benin Golf Air,A8,BGL,Benin
Georgian Airways,A9,TGZ,Georgia
American Airlines,AA,AAL,United States
Air Berlin,AB,BER,Germany
Air Canada,AC,ACA,Canada
Air Paradise International,AD,PRZ,Indonesia
Azul,AD,AZU,Brazil
Mandarin Airlines,AE,MDA,Taiwan
Air France,AF,AFR,France
Air Contractors,AG,ABR,Ireland
All America US,AG,SSA,United States
Air Algerie,AH,DAH,Algeria
Air India Limited,AI,AIC,India
Aero Contractors,AJ,NIG,Nigeria
AirAsia,AK,AXM,Malaysia
Skywalk Airlines,AL,SYX,United States
Transaviaexport,AL,TXC,Belarus
AeroMéxico,AM,AMX,Mexico
Ansett Australia,AN,AAA,Australia
Australian Airlines,AO,AUZ,Australia
Avianova (Russia),AO,\N,Russia
Airbus Industrie,AP,AIB,France
Air One,AP,ADH,Italy
Aloha Airlines,AQ,AAH,United States
Aerolineas Argentinas,AR,ARG,Argentina
Alaska Airlines,AS,ASA,ALASKA
Royal Air Maroc,AT,RAM,Morocco
Austral Lineas Aereas,AU,AUT,Argentina
Avianca - Aerovias Nacionales de Colombia,AV,AVA,AVIANCA
CHC Airways,AW,SCH,Netherlands
Dirgantara Air Service,AW,DIR,Indonesia
Asian Wings Airways,AW,AWM,Burma
Trans States Airlines,AX,LOF,United States
Finnair,AY,FIN,Finland
Alitalia,AZ,AZA,Italy
Aws express,B0,666,United States
Baltic Air lines,B1,BA1,Latvia
Belavia Belarusian Airlines,B2,BRU,Belarus
Bellview Airlines,B3,BLV,Nigeria
BACH Flugbetriebsges,B4,BCF,Austria
Bankair,B4,BKA,United States
Flyglobespan,B4,GSM,United Kingdom
Flightline,B5,FLT,United Kingdom
JetBlue Airways,B6,JBU,United States
Uni Air,B7,UIA,Taiwan
Eritrean Airlines,B8,ERT,Eritrea
Air Bangladesh,B9,BGD,Bangladesh
British Airways,BA,BAW,United Kingdom
Seaborne Airlines,BB,SBS,United States
Skymark Airlines,BC,SKY,Japan
bmi,BD,BMA,United Kingdom
Flybe,BE,BEE,United Kingdom
Aero-Service,BF,RSR,Republic of the Congo
Bluebird Cargo,BF,BBD,Iceland
Biman Bangladesh Airlines,BG,BBC,Bangladesh
Hawkair,BH,,Canada
Royal Brunei Airlines,BI,RBA,Brunei
Nouvel Air Tunisie,BJ,LBT,Tunisia
Potomac Air,BK,PDC,United States
Jetstar Pacific,BL,PIC,Vietnam
Air Sicilia,BM,,Italy
Bayu Indonesia Air,BM,BYE,Indonesia
Braniff International Airways,BN,BNF,United States
Forward Air International Airlines,BN,,United States
Horizon Airlines,BN,HZA,Australia
Bouraq Indonesia Airlines,BO,BOU,Indonesia
Air Botswana,BP,BOT,Botswana
Aeromar,BQ,ROM,Dominican Republic
Buquebus Líneas Aéreas,BQ,BQB,Uruguay
EVA Air,BR,EVA,Taiwan
British International Helicopters,BS,BIH,United Kingdom
Air Baltic,BT,BTI,Latvia
Braathens,BU,BRA,Norway
Blue Sky America,BU,BKY,United States
Baikotovitchestrian Airlines ,BU,BUU,American Samoa
Blue Panorama Airlines,BV,BPA,Italy
Caribbean Airlines,BW,BWA,Trinidad and Tobago
Coast Air,BX,CST,Norway
Air Busan,BX,ABL,Republic of Korea
Thomsonfly,BY,TOM,United Kingdom
Blue Dart Aviation,BZ,BDA,India
Keystone Air Services,BZ,KEE,Canada
Aero Brazil,BZ,BZL,Brazil
Black Stallion Airways,BZ,BSA,United States
Centralwings,C0,CLW,Poland
CanXpress,C1,CA1,Canada
CanXplorer,C2,CAP,Canada
Contact Air,C3,KIS,Germany
ICAR Airlines,C3,,Ukraine
QatXpress,C3,QAX,Qatar
Zimex Aviation,C4,IMX,Switzerland
LionXpress,C4,LIX,Cameroon
CommutAir,C5,UCA,United States
CanJet,C6,CJA,Canada
Rico Linhas A,C7,RLE,Brazil
Sky Wing Pacific,C7,CR7,South Korea
Chicago Express,C8,WDY,United States
Chicago Express (C8),C8,\N,United States
Cirrus Airlines,C9,RUS,Germany
Air China,CA,CCA,China
Suckling Airways,CB,\N,United Kingdom
CCML Airlines,CB,CCC,Colombia
Air Atlanta Icelandic,CC,ABD,Iceland
Macair Airlines,CC,MCK,Australia
Alliance Air,CD,LLR,India
Air India Regional,CD,\N,India
Nationwide Airlines,CE,NTW,South Africa
City Airline,CF,SDR,Sweden
Airlines PNG,CG,TOK,Papua New Guinea
Bemidji Airlines,CH,BMJ,United States
China Airlines,CI,CAL,Taiwan
China Northern Airlines,CJ,CBF,China
BA CityFlyer,CJ,CFE,United Kingdom
China Cargo Airlines,CK,CKK,China
Lufthansa CityLine,CL,CLH,Germany
Copa Airlines,CM,CMP,Panama
Islands Nationair,CN,,Papua New Guinea
Westward Airways,CN,WWD,United States
Canadian National Airways,CN,YCP,Canada
Continental Airlines,CO,COA,United States
Continental Express,CO,,United States
Canadian Airlines,CP,CDN,Canada
Compass Airlines,CP,CPZ,United States
Sunshine Express Airlines,CQ,EXL,Australia
SOCHI AIR,CQ,KOL,Russia
OAG,CR,,United Kingdom
Air Ops,CR,\N,Sweden
Continental Micronesia,CS,CMI,United States
Civil Air Transport,CT,CAT,Taiwan
Alitalia Cityliner,CT,\N,Italy
Cubana de Aviación,CU,CUB,Cuba
Air Chathams,CV,CVA,New Zealand
Cargolux,CV,CLX,Luxembourg
Air Marshall Islands,CW,CWM,Marshall Islands
Cathay Pacific,CX,CPA,Hong Kong SAR of China
Cyprus Airways,CY,CYP,Cyprus
China Southern Airlines,CZ,CSN,China
Domenican Airlines,D1,MDO,Dominican Republic
Severstal Air Company,D2,\N,Russia
Daallo Airlines,D3,DAO,Djibouti
Alidaunia,D4,LID,Italy
Dauair,D5,DAU,Germany
Skyline nepc,D5,\N,India
NEPC Airlines,D5,\N,India
Interair South Africa,D6,ILN,South Africa
Dinar,D7,RDN,Argentina
AirAsia X,D7,XAX,Malaysia
Djibouti Airlines,D8,DJB,Djibouti
Aeroflot-Don,D9,DNV,Russia
Air Georgia,DA,GRG,Georgia
Dana Air,DA,\N,Nigeria
Brit Air,DB,BZH,France
Golden Air,DC,GAO,Sweden
Nok Air,DD,NOK,Thailand
Condor Flugdienst,DE,CFG,Germany
Michael Airlines,DF,MJG,Puerto Rico
South East Asian Airlines,DG,SRQ,Philippines
Discovery Airways,DH,DVA,United States
Independence Air,DH,IDE,United States
Dennis Sky,DH,DSY,Israel
dba,DI,BAG,Germany
Pacific Blue,DJ,PBN,New Zealand
Polynesian Blue,DJ,PLB,New Zealand
Virgin Blue,DJ,VBI,Australia
Eastland Air,DK,ELA,Australia
Delta Air Lines,DL,DAL,United States
Maersk,DM,,Denmark
Voronezhskie Airlanes,DN,\N,Russia
Alinord,DN,\N,Italy
Senegal Airlines,DN,SGG,Senegal
Dominicana de Aviaci,DO,DOA,Dominican Republic
First Choice Airways,DP,FCA,United Kingdom
Coastal Air,DQ,,United States
Air Mediterranee,DR,BIE,France
EasyJet (DS),DS,\N,Switzerland
TAAG Angola Airlines,DT,DTA,Angola
Hemus Air,DU,HMS,Bulgaria
Norwegian Long Haul AS,DU,NLH,Norway
Lufttaxi Fluggesellschaft,DV,LTF,Germany
Nantucket Airlines,DV,ACK,United States
Scat Air,DV,VSV,Kazakhstan
Aero-Charter Ukraine,DW,UCR,Ukraine
Deutsche Luftverkehrsgesellschaft,DW,DLT,Germany
Deutsche Luftverkehrsgesellschaft (DLT),DW,DWD,Germany
DAT Danish Air Transport,DX,DTR,Denmark
Norwegian Air Shuttle,DY,NAX,Norway
Starline.kz,DZ,\N,Kazakhstan
Eos Airlines,E0,ESS,United States
Usa Sky Cargo,E1,ES2,United States
Kampuchea Airlines,E2,KMP,Cambodia
Rio Grande Air,E2,GRN,United States
Eagle Atlantic Airlines,E2,\N,Ghana
Domodedovo Airlines,E3,DMO,Russia
Aero Asia International,E4,RSO,Pakistan
Elysian Airlines,E4,GIE,Cameroon
Samara Airlines,E5,BRZ,Russia
Air Arabia Egypt,E5,RBG,Egypt
Bringer Air Cargo Taxi Aereo,E6,,Brazil
Aviaexpresscruise,E6,\N,Russia
Estafeta Carga Aerea,E7,ESF,Mexico
European Aviation Air Charter,E7,EAF,United Kingdom
Alpi Eagles,E8,ELG,Italy
Alpi Eagles (E8),E8,\N,Italy
US Africa Airways,E8,\N,United States
City Airways,E8,GTA,Thailand
Boston-Maine Airways,E9,CXS,United States
AJT Air International,E9,\N,Russia
Compagnie Africaine d\\'Aviation,E9,\N,Congo (Kinshasa)
European Air Express,EA,EAL,Germany
Avialeasing Aviation Company,EC,TWN,Uzbekistan
Airblue,ED,ABQ,Pakistan
Aero Airlines,EE,EAY,Estonia
Nordica,EE,\N,Estonia
Far Eastern Air Transport,EF,EFA,Taiwan
Japan Asia Airways,EG,JAA,Japan
Air Nippon Network Co. Ltd.,EH,AKX,Japan
SAETA,EH,SET,Ecuador
Euro Harmony,EH,EHM,Portugal
Aer Lingus,EI,EIN,Ireland
New England Airlines,EJ,NEA,United States
Emirates,EK,UAE,United Arab Emirates
Air Nippon,EL,ANK,Japan
Aero Benin,EM,AEB,Benin
Empire Airlines,EM,CFS,United States
Air Dolomiti,EN,DLA,Italy
Express One International,EO,LHN,United States
Hewa Bora Airways,EO,ALX,Democratic Republic of the Congo
Iran Aseman Airlines,EP,IRC,Iran
TAME,EQ,TAE,Ecuador
Astar Air Cargo,ER,DHL,United States
Fly Europa,ER,RWW,Spain
DHL International,ES,DHX,Bahrain
EuropeSky,ES,EUV,Germany
Ethiopian Airlines,ET,ETH,Ethiopia
Empresa Ecuatoriana De Aviacion,EU,EEA,Ecuador
Atlantic Southeast Airlines,EV,ASQ,United States
Eurowings,EW,EWG,Germany
Air Santo Domingo,EX,SDO,Dominican Republic
Wings of England,EX,"..,",United Kingdom
Europe Jet,EX,EU9,France
Etihad Airways,EY,ETD,United Arab Emirates
Evergreen International Airlines,EZ,EIA,United States
Sun Air of Scandinavia,EZ,SUS,Denmark
Fly Brasil,F1,FBL,Brazil
Fly Air,F2,FLM,Turkey
Faso Airways,F3,FSW,Burkina Faso
Albarka Air,F4,NBK,Nigeria
International Flying Service,F4,\N,Italy
Cosmic Air,F5,COZ,Nepal
Global Freightways,F5,GF5,United States
Fly One,F5,FI5,Moldova
Faroejet,F6,RCK,Faroe Islands
Flybaboo,F7,BBO,Switzerland
Air2there,F8,\N,New Zealand
Frontier Airlines,F9,FFT,United States
Safair,FA,SFR,South Africa
Epic Holiday,FA,4AA,United States
Bulgaria Air,FB,LZB,Bulgaria
Finncomm Airlines,FC,WBA,Finland
Thai AirAsia,FD,AIQ,Thailand
Primaris Airlines,FE,WCP,United States
Airshop,FF,,Netherlands
Tower Air,FF,TOW,United States
Fly France,FF,FRF,France
Ariana Afghan Airlines,FG,AFG,Afghanistan
Futura International Airways,FH,FUA,Spain
FlyHigh Airlines Ireland (FH),FH,FHI,Ireland
Icelandair,FI,ICE,Iceland
Air Pacific,FJ,FJI,Fiji
Africa West,FK,WTA,Togo
AirTran Airways,FL,TRS,United States
Shanghai Airlines,FM,CSH,China
Regional Airlines,FN,,Morocco
Airlines Of Tasmania,FO,ATM,Australia
Freedom Air,FP,FRE,United States
Thomas Cook Airlines,FQ,TCW,Belgium
Ryanair,FR,RYR,Ireland
Servicios de Transportes A,FS,STU,Argentina
Siem Reap Airways,FT,SRH,Cambodia
Felix Airways,FU,FXX,Yemen
Rossiya-Russian Airlines,FV,SDM,Russia
Ibex Airlines,FW,IBX,Japan
Federal Express,FX,FDX,United States
FOX Linhas Aereas,FX,FOX,Brazil
Firefly,FY,FFM,Malaysia
Northwest Regional Airlines,FY,NWR,Australia
Fly Dubai,FZ,FDB,United Arab Emirates
Ghana International Airlines,G0,GHB,Ghana
Gorkha Airlines,G1,IKA,Nepal
Indya Airline Group,G1,IG1,India
Avirex,G2,VXG,Gabon
City Connexion Airlines,G3,CIX,Burundi
Gol Transportes Aéreos,G3,GLO,Brazil
Sky Express,G3,SEH,Greece
Allegiant Air,G4,AAY,United States
Huaxia,G5,\N,China
Guine Bissaur Airlines,G6,BSR,Guinea-Bissau
Air Volga,G6,\N,Russia
Gandalf Airlines,G7,GNF,Italy
GoJet Airlines,G7,GJS,United States
Air Service Gabon,G8,AGB,Gabon
Enkor JSC,G8,ENK,Russia]]
Go Air,G8,GOW,India
Gujarat Airways,G8,GUJ,India
Air Arabia,G9,ABY,United Arab Emirates
Garuda Indonesia,GA,GIA,Indonesia
Airborne Express,GB,ABX,United States
ABX Air,GB,ABX,United States
BRAZIL AIR,GB,BZE,Brazil
Gambia International Airlines,GC,GNR,Gambia
Lina Congo,GC,\N,Congo (Brazzaville)
Air Alpha Greenland,GD,AHA,Denmark
GoDutch,GD,GOD,Netherlands
TransAsia Airways,GE,TNA,Taiwan
Gulf Air Bahrain,GF,GBA,Bahrain
Air Guyane,GG,GUY,French Guiana
Air Comores International,GG,HAH,Comoros
Cargo 360,GG,GGC,United States
Globus,GH,GLP,Russia
Itek Air,GI,IKA,Kyrgyzstan
Compania Mexicargo,GJ,MXC,Mexico
Eurofly Service,GJ,EEU,Italy
Go One Airways,GK,,United Kingdom
Genesis,GK,\N,Pakistan
Air Greenland,GL,GRL,Denmark
Miami Air International,GL,BSK,United States
Air Slovakia,GM,SVK,Slovakia
Flitestar,GM,===,South Africa
German International Air Lines,GM,GER,Germany
Air Gabon,GN,AGN,Gabon
GNB Linhas Aereas,GN,\N,Brazil
Kuzu Airlines Cargo,GO,KZU,Turkey
Gestair,GP,GES,Spain
Palau Trans Pacific Airline,GP,PTP,Palau
Gadair European Airlines,GP,GDR,Spain
Big Sky Airlines,GQ,BSY,United States
Aurigny Air Services,GR,AUR,United Kingdom
Gemini Air Cargo,GR,GCO,United States
Air Foyle,GS,UPA,United Kingdom
Grant Aviation,GS,GUN,United States
GB Airways,GT,GBL,United Kingdom
Gulisano airways,GU,GU1,Italy
Aero Flight,GV,ARF,Germany
Kuban Airlines,GW,KIL,Russia
Jetx Airlines,GX,JXX,Iceland
Pacificair,GX,,Philippines
GREAT LAKES (GX),GX,\N,Canada
GermanXL,GX,GXG,Germany
Guyana Airways 2000,GY,,
Tri-MG Intra Asia Airlines,GY,TMG,Indonesia
Gabon Airlines,GY,GBK,Gabon
Air Rarotonga,GZ,RAR,Cook Islands
Hankook Air US,H1,HA1,United States
Sky Airline,H2,SKU,Chile
THREE,H3,T33,China
Harbour Air (Priv),H3,\N,Canada
Héli Sécurité Helicopter Airlines,H4,,France
Inter Islands Airlines,H4,IIN,Cape Verde
Hola Airlines,H5,HOA,Spain
Mavial Magadan Airlines,H5,MVL,Russia
I-Fly,H5,RSY,Russia
Hageland Aviation Services,H6,HAG,United States
Eagle Air,H7,,Uganda
Dalavia,H8,KHB,Russia
Air D'Ayiti,H9,HAD,Haiti
Izair,H9,IZM,Turkey
PEGASUS AIRLINES-,H9,\N,Turkey
Hawaiian Airlines,HA,HAL,United States
Harbor Airlines,HB,HAR,United States
Aero-Tropics Air Services,HC,ATI,Australia
Himalayan Airlines,HC,HYM,Nepal
Hokkaido International Airlines,HD,ADO,Japan
Luftfahrtgesellschaft Walter,HE,LGW,Germany
Hapagfly,HF,HLF,Germany
Niki,HG,NLY,Austria
Hope Air,HH,,Canada
Air Hamburg (AHO),HH,AHO,Germany
Papillon Grand Canyon Helicopters,HI,\N,United States
Asian Express Airlines,HJ,AXF,Australia
Four Star Aviation / Four Star Cargo,HK,FSC,United States
Yangon Airways,HK,\N,Burma
Air Seychelles,HM,SEY,Seychelles
Heavylift Cargo Airlines,HN,HVY,Australia
Hankook Airline,HN,HNX,South Korea
Antinea Airlines,HO,DJA,Algeria
Juneyao Airlines,HO,DKH,China
America West Airlines,HP,AWE,United States
Hawaiian Pacific Airlines,HP,,United States
Pearl Airways,HP,HPA,Haiti
Phoenix Airways,HP,,Switzerland
Harmony Airways,HQ,HMY,Canada
HQ- Business Express,HQ,\N,United States
China United Airlines,HR,CUA,China
Hahn Air,HR,HHN,Germany
Aeromist-Kharkiv,HT,AHW,Ukraine
Hellenic Imperial Airways,HT,IMP,Greece
Hainan Airlines,HU,CHH,China
Transavia Holland,HV,TRA,Netherlands
Hello,HW,FHE,Switzerland
North-Wright Airways,HW,NWL,Canada
Hong Kong Airlines,HX,CRK,Hong Kong SAR of China
Uzbekistan Airways,HY,UZB,Uzbekistan
Sat Airlines,HZ,SOZ,Kazakhstan
Iberia Express,I2,IBS,Spain
ATA Airlines (Iran),I3,\N,Iran
Interstate Airline,I4,FWA,Netherlands
International AirLink,I4,\N,Jamaica
Indonesia Sky,I5,IDS,Indonesia
Sky Eyes,I6,SEQ,Thailand
MexicanaLink,I6,MXI,Mexico
Paramount Airways,I7,PMW,India
IzAvia,I8,\N,Russia
Air Italy,I9,AEY,Italy
Indigo,I9,IBU,United States
Iraqi Airways,IA,IAW,Iraq
Iberia Airlines,IB,IBE,Spain
Indian Airlines,IC,IAC,India
Interlink Airlines,ID,ITK,South Africa
Solomon Airlines,IE,SOL,Solomon Islands
Islas Airways,IF,ISW,Spain
Meridiana,IG,ISS,Italy
Falcon Aviation,IH,,Sweden
Falcon Air (IH),IH,\N,Sweden
IBC Airways,II,CSQ,United States
LSM International ,II,UWW,Russia
Great Wall Airlines,IJ,GWL,China
InteliJet Airways,IJ,IJT,Colombia
Transport Aérien Transrégional,IJ,\N,France
AirLiberté,IJ,\N,France
T.A.T,IJ,\N,France
Spring Airlines Japan,IJ,SJO,Japan
Imair Airlines,IK,ITX,Azerbaijan
Lankair,IK,LKN,Sri Lanka
Illinois Airways,IL,ILW,United States
Fly Illi,IL,ILY,United States
Menajet,IM,MNJ,Lebanon
MAT Macedonian Airlines,IN,MAK,Macedonia
Indonesian Airlines,IO,IAA,Indonesia
Atyrau Air Ways,IP,JOL,Kazakhstan
Island Spirit,IP,ISX,Iceland
Augsburg Airways,IQ,AUB,Germany
Iran Air,IR,IRA,Iran
Island Airlines,IS,,United States
Kingfisher Airlines,IT,KFR,India
Wind Jet,IV,JET,Italy
AOM French Airlines,IW,AOM,France
Wings Air,IW,WON,Indonesia
Air India Express,IX,AXB,India
Yemenia,IY,IYE,Yemen
Arkia Israel Airlines,IZ,AIZ,Israel
OneJet,J1,\N,United States
Azerbaijan Airlines,J2,AHY,Azerbaijan
Northwestern Air,J3,PLR,Canada
Buffalo Airways,J4,BFL,Canada
ALAK,J4,\N,Russia
Alaska Seaplane Service,J5,\N,United States
AVCOM,J6,AOC,Russia
Centre-Avia,J7,CVC,Russia
ValueJet,J7,VJA,United States
Denim Air ,J7,\N,Norway
Berjaya Air,J8,BVT,Malaysia
Guinee Airlines,J9,GIF,Guinea
Jazeera Airways,J9,JZR,Kuwait
Air Bosna,JA,BON,Bosnia and Herzegovina
B&H Airlines,JA,BON,Bosnia and Herzegovina
Helijet,JB,JBA,Canada
JAL Express,JC,JEX,Japan
Japan Air System,JD,JAS,Japan
Mango,JE,MNO,South Africa
Jetairfly,JF,JAF,Belgium
L.A.B. Flying Service,JF,LAB,United States
Jetgo Australia,JG,\N,Australia
Nordeste Linhas Aereas Regionais,JH,NES,Brazil
Fuji Dream Airlines,JH,\N,Japan
Midway Airlines,JI,MDW,United States
TAM Brazilian Airlines,JJ,TAM,Brazil
Spanair,JK,JKK,Spain
Japan Airlines,JL,JAL,Japan
Japan Airlines Domestic,JL,JAL,Japan
Air Jamaica,JM,AJM,Jamaica
Excel Airways,JN,XLA,United Kingdom
JALways,JO,JAZ,Japan
Adria Airways,JP,ADR,Slovenia
Jetstar Airways,JQ,JST,Australia
Aero California,JR,SER,Mexico
Joy Air,JR,JOY,China
Air Koryo,JS,KOR,Democratic People's Republic of Korea
Lion Mentari Airlines,JT,LNI,Indonesia
Jat Airways,JU,JAT,Serbia
Air Serbia,JU,ASL,Serbia
Bearskin Lake Air Service,JV,BLS,Canada
Arrow Air,JW,APW,United States
Jett8 Airlines Cargo,JX,JEC,Singapore
Jusur airways,JX,JSR,Egypt
Air Turks and Caicos,JY,TCI,Turks and Caicos Islands
Aereonautica militare,JY,AXZ,Italy
Skyways Express,JZ,SKX,Sweden
Kostromskie avialinii,K1,KOQ,Russia
Eurolot,K2,ELO,Poland
Atlantic Air Cargo,K3,\N,United States
Kalitta Air,K4,CKS,United States
Aban Air,K5,ABE,Iran
Wings of Alaska,K5,WAK,United States
SeaPort Airlines,K5,SQH,United States
Bravo Air Congo,K6,BRV,Democratic Republic of the Congo
Cambodia Angkor Air (K6),K6,\N,Cambodia
KoralBlue Airlines,K7,KBR,Egypt
Airlink Zambia,K8,ZAK,Zambia
Zambia Skyways,K8,\N,Zambia
Krylo Airlines,K9,KRI,Russia
Dragonair,KA,HDA,DRAGON
Druk Air,KB,DRK,Bhutan
Air Astana,KC,KZR,Kazakhstan
KD Avia,KD,KNI,Russia
Korean Air,KE,KAL,Republic of Korea
Blue1,KF,BLF,Finland
LAI - Linea Aerea IAACA,KG,BNX,Venezuela
Royal Airways,KG,RAW,United States
Cook Island Air,KH,\N,Cook Islands
Kharkiv Airlines,KH,KHK,Ukraine
Air Atlantique,KI,AAG,United Kingdom
Adam Air,KI,DHI,Indonesia
British Mediterranean Airways,KJ,LAJ,United Kingdom
Atlasjet,KK,KKK,Turkey
KLM Royal Dutch Airlines,KL,KLM,Netherlands
Air Malta,KM,AMC,Malta
China United,KN,\N,China
Alaska Central Express,KO,AER,United States
Kiwi International Air Lines,KP,KIA,United States
Air Cape,KP,\N,South Africa
Dense Airways,KP,DWA,United States
Kenya Airways,KQ,KQA,Kenya
Comores Airlines,KR,CWK,Comoros
Peninsula Airways,KS,PEN,United States
California Western,KT,CWS,United States
VickJet,KT,VKJ,France
Kuwait Airways,KU,KAC,Kuwait
Kavminvodyavia,KV,MVD,Russia
Carnival Air Lines,KW,\N,United States
Cayman Airways,KX,CAY,Cayman Islands
Air S,KY,EQL,Air S
Kibris T,KY,KYV,Turkey
KSY,KY,KSY,Greece
Nippon Cargo Airlines,KZ,NCA,Japan
Dense Connection,KZ,DC2,United States
Lufthansa Systems,L1,,Germany
All Argentina,L1,AL1,Argentina
Lynden Air Cargo,L2,LYC,United States
DHL de Guatemala,L3,JOS,Guatemala
LTU Austria,L3,LTO,Austria
Luchsh Airlines ,L4,LJJ,Russia
Lufttransport,L5,LTR,Norway
Mauritania Airlines International,L6,MAI,Mauritania
Laoag International Airlines,L7,LPN,Philippines
Linea Aerea SAPSA,L7,LNP,Chile
Lugansk Airlines,L7,\N,Ukraine
Air Luxor GB,L8,LXG,Guinea-Bissau
Line Blue,L8,LBL,Germany
Teamline Air,L9,TLW,Austria
All Asia,L9,AL3,China
LAN Airlines,LA,LAN,Chile
Lloyd Aereo Boliviano,LB,LLB,Bolivia
Air Costa,LB,\N,India
Varig Log,LC,VLO,Brazil
Air Hong Kong,LD,AHK,Hong Kong
Linea Turistica Aerotuy,LD,TUY,Venezuela
Liberty Airways,LE,LTY,United States
FlyNordic,LF,NDC,Sweden
Luxair,LG,LGL,Luxembourg
Lufthansa,LH,DLH,Germany
Lufthansa Cargo,LH,GEC,Germany
Leeward Islands Air Transport,LI,LIA,Antigua and Barbuda
Sierra National Airlines,LJ,SLA,Sierra Leone
Jin Air,LJ,JNA,South Korea
Air Luxor,LK,LXR,Portugal
Allegro,LL,GRO,Mexico
Linhas A,LM,LAM,Mozambique
Livingston,LM,LVG,Italy
Libyan Arab Airlines,LN,LAA,Libya
LOT Polish Airlines,LO,LOT,Poland
LAN Peru,LP,LPE,Peru
Lebanese Air Transport,LQ,LAQ,Lebanon
LCM AIRLINES,LQ,LMM,Russia
LACSA,LR,LRC,Costa Rica
Jet2.com,LS,EXS,United Kingdom
LTU International,LT,LTU,Germany
Air Lituanica,LT,LTU,Lithuania
LAN Express,LU,LXP,Chile
Albanian Airlines,LV,LBC,Albania
Pacific Wings,LW,NMI,United States
Swiss International Air Lines,LX,SWR,Switzerland
El Al Israel Airlines,LY,ELY,Israel
Balkan Bulgarian Airlines,LZ,,
Aero Mongolia,M0,MNG,Mongolia
Maryland Air,M1,M1F,United States
Mahfooz Aviation,M2,MZS,Gambia
MHS Aviation GmbH,M2,\N,Germany
ABSA - Aerolinhas Brasileiras,M3,TUS,Brazil
Air Service,M3,SPJ,Macedonia
North Flying,M3,NFA,Denmark
Nova Airline,M4,NOV,Sudan
Marysya Airlines,M4,1QA,Russia
Kenmore Air,M5,KEN,United States
Amerijet International,M6,AJT,United States
MasAir,M7,MAA,Mexico
Marsland Aviation,M7,MSL,Sudan
Tropical Airways,M7,TBG,Haiti
Trans Maldivian Airways,M8,TMW,Maldives
TransNusa Air,M8,TNU,Indonesia
Motor Sich,M9,MSI,Ukraine
Malév,MA,MAH,Hungary
Execair Aviation,MB,EXA,Canada
MNG Airlines,MB,MNB,Turkey
Air Mobility Command,MC,RCH,United States
Air Madagascar,MD,MDG,Madagascar
Middle East Airlines,ME,MEA,Lebanon
Xiamen Airlines,MF,CXA,China
Champion Air,MG,CCP,United States
Malaysia Airlines,MH,MAS,Malaysia
SilkAir,MI,SLK,Singapore
L,MJ,LPR,Argentina
Air Mauritius,MK,MAU,Mauritius
African Transport Trading and Investment Company,ML,,Sudan
Maldivo Airlines,ML,MAV,Maldives
Peach Aviation,MM,\N,Japan
Comair,MN,CAW,South Africa
Abu Dhabi Amiri Flight,MO,AUH,United Arab Emirates
Calm Air,MO,CAV,Canada
Martinair,MP,MPH,Netherlands
American Eagle Airlines,MQ,EGF,United States
Air Mauritanie,MR,MRT,Mauritania
Homer Air,MR,OME,Germany
Egyptair,MS,MSR,Egypt
Thomas Cook Airlines,MT,TCX,United Kingdom
China Eastern Airlines,MU,CES,China
Armenian International Airways,MV,RML,Armenia
Maya Island Air,MW,MYD,Belize
Mexicana de Aviaci,MX,MXA,Mexico
Maxjet Airways,MY,MXJ,United States
Midwest Airlines (Egypt),MY,MWA,Egypt
Merpati Nusantara Airlines,MZ,MNA,Indonesia
Norte Lineas Aereas,N0,\N,Argentina
N1,N1,\N,Peru
Dagestan Airlines,N2,DAG,Russia
Kabo Air,N2,QNK,Nigeria
Omskavia Airline,N3,OMS,Russia
Mountain Air Company,N4,MTC,Sierra Leone
National Airlines,N4,NCN,Chile
Minerva Airlines,N4,\N,Italy
Regionalia México,N4,J88,Mexico
Kyrgyz Airlines,N5,KGZ,Kyrgyzstan
Skagway Air Service,N5,SGY,United States
Lagun Air,N6,JEV,Spain
Nuevo Continente,N6,ACQ,Peru
Aerocontinente (Priv),N6,\N,Peru
National Airlines,N7,ROK,United States
All Spain,N7,N77,Spain
Fika Salaama Airlines,N8,HGK,Uganda
National Air Cargo,N8,NCR,United States
North Coast Aviation,N9,,Papua New Guinea
All Europe,N9,N99,United Kingdom
National Airlines,NA,NAL,United States
Al-Naser Airlines,NA,\N,Iraq
Sterling Airlines,NB,SNB,Denmark
National Jet Systems,NC,NJS,Australia
Northern Air Cargo,NC,NAC,United States
SkyEurope,NE,ESK,Slovakia
Air Vanuatu,NF,AVN,Vanuatu
Lauda Air,NG,LDA,Austria
All Nippon Airways,NH,ANA,Japan
Portugalia,NI,PGA,Portugal
Nihon.jet,NJ,\N,Japan
Nordic Global Airlines,NJ,NGB,Finland
Spirit Airlines,NK,NKS,United States
Shaheen Air International,NL,SAI,Pakistan
Air Madrid,NM,DRD,Spain
Mount Cook Airlines,NM,NZM,New Zealand
VIM Airlines,NN,MOV,Russia
Aus-Air,NO,AUS,Australia
Neos,NO,NOS,Italy
North Pacific Airlines,NO,\N,United States
Nile Air,NP,NIA,Egypt
Air Japan,NQ,AJX,Japan
Pamir Airways,NR,PIR,Afghanistan
Jettor Airlines,NR,JTO,Hong Kong
Caucasus Airlines,NS,\N,Georgia
Binter Canarias,NT,IBB,Spain
Japan Transocean Air,NU,JTA,Japan
Air Central,NV,CRF,Japan
Naka Nihon Airlines Service,NV,ALS,Japan
Northwest Airlines,NW,NWA,United States
Air Macau,NX,AMU,Macao
Air Iceland,NY,FXI,Iceland
Air New Zealand,NZ,ANZ,New Zealand
Orbit Airlines Azerbaijan,O1,OAB,Azerbaijan
Oceanic Airlines,O2,,Guinea
Oceanair,O6,ONE,Brazil
Ozjet Airlines,O7,OZJ,Australia
Oasis Hong Kong Airlines,O8,OHK,Hong Kong
Olympic Airlines,OA,OAL,Greece
Astrakhan Airlines,OB,ASZ,Russia
Catovair,OC,\N,Mauritius
Zuliana de Aviacion,OD,ULA,Venezuela
Malindo Air,OD,MXD,Malaysia
Asia Overnight Express,OE,AOT,Philippines
WestAir,OE,\N,United States
WestAir Airlines,OE,\N,United States
WestAir Airlines ,OE,\N,United States
Air Finland,OF,FIF,Finland
Transports et Travaux A,OF,,
1-2-go,OG,\N,Thailand
AirOnix,OG,\N,Ukraine
Comair,OH,COM,United States
Orchid Airlines,OI,ORC,Australia
Overland Airways,OJ,OLA,Nigeria
Czech Airlines,OK,CSA,Czech Republic
Ostfriesische Lufttransport,OL,OLT,Germany
MIAT Mongolian Airlines,OM,MGL,Mongolia
Nauru Air Corporation,ON,RON,Nauru
Our Airline,ON,RON,Nauru
SkyWest,OO,SKW,United States
Chalk's Ocean Airways,OP,CHK,United States
Air Pegasus,OP,PPL,India
Chongqing Airlines,OQ,CQN,China
Arkefly,OR,TFL,Netherlands
Austrian Airlines,OS,AUA,Austria
Aeropelican Air Services,OT,PEL,Australia
Croatia Airlines,OU,CTN,Croatia
Estonian Air,OV,ELL,Estonia
Executive Airlines,OW,EXK,United States
Orient Thai Airlines,OX,OEA,Thailand
Omni Air International,OY,OAE,United States
Asiana Airlines,OZ,AAR,Republic of Korea
Ozark Air Lines,OZ,OZR,United States
Proflight Commuter Services,P0,,Zambia
Patriot Airways,P4,\N,United States
AeroRep,P5,RPB,Colombia
Russian Sky Airlines,P7,ESL,Russia
Regional Paraguaya,P7,REP,Paraguay
Pantanal Linhas Aéreas,P8,PTN,Brazil
Air Mekong,P8,MKG,Vietnam
Nas Air,P9,,Mali
Perm Airlines,P9,PGP,Russia
Peruvian Airlines,P9,\N,Peru
Florida Coastal Airlines,PA,FCL,United States
Pan American Airways,PA,PAA,United States
Pan American World Airways,PA,PAA,United States
Parmiss Airlines (IPV),PA,IPV,Iran
Air Fiji,PC,FAJ,Fiji
Continental Airways,PC,PVV,Russia
Pegasus Airlines,PC,PGT,Turkey
Porter Airlines,PD,POE,Canada
Air Europe,PE,AEL,Italy
Palestinian Airlines,PF,PNW,Egypt
Primera Air,PF,\N,Iceland
Bangkok Airways,PG,BKP,Thailand
Polynesian Airlines,PH,PAO,Samoa
Piedmont Airlines (1948-1989),PI,PDT,United States
Sun Air (Fiji),PI,SUF,Fiji
Air Saint Pierre,PJ,SPM,France
Pakistan International Airlines,PK,PIA,Pakistan
Aeroper,PL,PLI,Peru
Airstars,PL,ASE,Russia
Tropic Air,PM,TOS,Belize
West Air China,PN,CHB,China
Polar Air Cargo,PO,PAC,United States
FlyPortugal,PO,FPT,Portugal
Air Indus,PP,AI0,Pakistan
Panafrican Airways,PQ,PNF,Ivory Coast
LSM Airlines,PQ,LOO,Russia
Philippine Airlines,PR,PAL,Philippines
Pacific Southwest Airlines,PS,PSX,United States
Ukraine International Airlines,PS,AUI,Ukraine
Capital Cargo International Airlines,PT,CCI,United States
West Air Sweden,PT,SWN,Sweden
Red Jet Andes,PT,\N,Peru
PLUNA,PU,PUA,Uruguay
PAN Air,PV,PNR,Spain
Precision Air,PW,PRF,Tanzania
Air Niugini,PX,ANG,Papua New Guinea
Surinam Airways,PY,SLM,Suriname
TAM Mercosur,PZ,LAP,Paraguay
Maldivian,Q2,\N,Maldives
Zambian Airways,Q3,MBN,Zambia
SOCHI AIR CHATER,Q3,QER,Russia
Mastertop Linhas Aereas,Q4,,Brazil
SOCHI AIR EXPRESS,Q4,SAE,Russia
40-Mile Air,Q5,MLA,United States
Aero Condor Peru,Q6,CDP,Peru
SkyBahamas Airlines,Q7,\N,Bahamas
Pacific East Asia Cargo Airlines,Q8,PEC,Philippines
Afrinat International Airlines,Q9,AFU,Gambia
Arik Niger,Q9,NAK,Niger
Click (Mexicana),QA,\N,Mexico
Georgian National Airlines,QB,GFG,Georgia
Air Corridor,QC,CRD,Mozambique
Camair-co,QC,\N,Cameroon
Air Class Lineas Aereas,QD,QCL,Uruguay
Dobrolet,QD,DOB,Russia
Crossair Europe,QE,ECC,Switzerland
Qantas,QF,QFA,Australia
Citilink Indonesia,QG,\N,Indonesia
Air Florida,QH,FLZ,United States
Kyrgyzstan,QH,LYN,Kyrgyzstan
Cimber Air,QI,CIM,Denmark
Jet Airways,QJ,,United States
Air Canada Jazz,QK,JZA,Canada
Aero Lanka,QL,RLN,Sri Lanka
Air Malawi,QM,AML,Malawi
Air Armenia,QN,ARR,Armenia
Royal,QN,\N,Canada
Aeromexpress,QO,MPX,Mexico
Origin Pacific Airways,QO,OGN,New Zealand
Air Kenya (Priv),QP,\N,Kenya
Alliance Airlines,QQ,UTY,Australia
Reno Air,QQ,ROA,United States
Qatar Airways,QR,QTR,Qatar
African Safari Airways,QS,QSC,Kenya
Travel Service,QS,TVS,Czech Republic
TAMPA,QT,TPA,Colombia
East African,QU,UGX,Uganda
Lao Airlines,QV,LAO,Lao Peoples Democratic Republic
Blue Wings,QW,BWG,Germany
Horizon Air,QX,QXE,United States
European Air Transport,QY,BCS,Belgium
Red Jet Canada,QY,\N,Canada
Indonesia AirAsia,QZ,AWQ,Indonesia
Royal Airlines,R0,RPK,Pakistan
Sirin,R1,,
Royal Southern Airlines.,R1,RS1,Colombia
Orenburg Airlines,R2,ORB,Russia
Aircompany Yakutia,R3,SYL,Russia
Rossiya,R4,,Russia
Jordan Aviation,R5,JAV,Jordan
Malta Air Charter,R5,MAC,Malta
RACSA,R6,,Guatemala
Aserca Airlines,R7,OCA,Venezuela
Kyrgyzstan Airlines,R8,KGA,Kyrgyzstan
AirRussia,R8,RRJ,Russia
Camai Air,R9,CAM,United States
Nepal Airlines,RA,RNA,Nepal
Royal Nepal Airlines,RA,RNA,Nepal
Air Srpska,RB,SBK,Bosnia and Herzegovina
Syrian Arab Airlines,RB,SYR,Syrian Arab Republic
Atlantic Airways,RC,FLI,Faroe Islands
Ryan International Airlines,RD,RYN,United States
Aer Arann,RE,REA,Ireland
Florida West International Airways,RF,FWL,United States
VRG Linhas Aereas,RG,VRN,Brazil
Republic Express Airlines,RH,RPH,Indonesia
Mandala Airlines,RI,MDL,Indonesia
Royal Jordanian,RJ,RJA,Jordan
Air Afrique,RK,RKA,Ivory Coast
Royal Khmer Airlines,RK,RKH,Cambodia
Royal Falcon,RL,RFJ,Jordan
Rainbow Air US,RM,RNY,United States
Rainbow Air (RAI),RN,RAB,United States
Tarom,RO,ROT,Romania
Chautauqua Airlines,RP,CHQ,United States
Kam Air,RQ,KMF,Afghanistan
Royal Air Force,RR,RFR,United Kingdom
Red Jet America,RR,\N,United States
REXAIR VIRTUEL,RR,RXR,France
Intercontinental de Aviaci,RS,ICT,Colombia
Royal Air Force of Oman,RS,MJN,Oman
Sky Regional,RS,SKV,Canada
Real Tonga,RT,\N,Tonga
AirBridge Cargo,RU,ABW,Russia
SkyKing Turks and Caicos Airways,RU,SKI,Turks and Caicos Islands
Rainbow Air Euro,RU,RUE,United Kingdom
Caspian Airlines,RV,CPN,Iran
Republic Airlines,RW,RPA,United States
Aviaexpress,RX,AEH,Hungary
Rainbow Air Polynesia,RX,RPO,United States
Reno Sky,RY,\N,United States
Rainbow Air Canada,RY,RAY,Canada
Euro Exec Express,RZ,,Sweden
Slok Air Gambia,S0,OKS,Gambia
Spike Airlines,S0,SAL,United States
Serbian Airlines,S1,SA1,Serbia
Air Sahara,S2,RSH,India
Santa Barbara Airlines,S3,BBR,Venezuela
SATA International,S4,RZO,Portugal
Shuttle America,S5,TCF,United States
Trast Aero,S5,TSJ,Kyrgyzstan
Star Air,S6,,Denmark
Salmon Air,S6,\N,United States
S7 Airlines,S7,SBI,Russia
Chari Aviation Services,S8,CSU,Chad
Shovkoviy Shlyah,S8,SWW,Ukraine
Snowbird Airlines,S8,SBD,Finland
East African Safari Air,S9,HSA,Kenya
Starbow Airlines,S9,\N,Ghana
South African Airways,SA,SAA,South Africa
Air Caledonie International,SB,ACI,France
Shandong Airlines,SC,CDG,China
Sudan Airways,SD,SUD,Sudan
XL Airways France,SE,SEU,France
Tassili Airlines,SF,DTH,Algeria
Air Charter International,SF,\N,France
JetsGo,SG,JGO,Canada
Spicejet,SG,SEJ,India
Fly Me Sweden,SH,FLY,Sweden
TAN-SAHSA,SH,\N,Honduras
Aéris (Priv),SH,\N,France
Sharp Airlines,SH,SHA,Australia
Skynet Airlines,SI,SIH,Ireland
Sriwijaya Air,SJ,SJY,Indonesia
Scandinavian Airlines System,SK,SAS,Sweden
Rio Sul Servi,SL,RSL,Brazil
Thai Lion Air,SL,\N,Thailand
Swedline Express,SM,SRL,Sweden
Spirit of Manila Airlines,SM,MNP,Philippines
Brussels Airlines,SN,DAT,Belgium
Superior Aviation,SO,HKA,United States
Sosoliso Airlines,SO,OSL,Nigeria
Salsa d\\'Haiti,SO,SLC,Haiti
SATA Air Acores,SP,SAT,Portugal
Singapore Airlines,SQ,SIA,Singapore
Singapore Airlines Cargo,SQ,SQC,Singapore
Swissair,SR,SWR,Switzerland
Corsairfly,SS,CRL,France
Germania,ST,GMI,Germany
Aeroflot Russian Airlines,SU,AFL,Russia
Saudi Arabian Airlines,SV,SVA,Saudi Arabia
Air Namibia,SW,NMB,Namibia
Sky Work Airlines,SX,SRK,Switzerland
Skybus Airlines,SX,SKB,United States
Starling Airlines Spain,SX,STS,Spain
SkyWork Airlines ,SX,\N,Switzerland
Sun Country Airlines,SY,SCX,United States
Salzburg arrows,SZ,\N,Austria
TACA Peru,T0,\N,Peru
TROPICAL LINHAS AEREAS,T1,TP3,Brazil
Thai Air Cargo,T2,TCG,Thailand
Eastern Airways,T3,EZE,United Kingdom
Hellas Jet,T4,HEJ,Greece
Turkmenistan Airlines,T5,TUA,Turkmenistan
Tavrey Airlines,T6,TVR,Ukraine
Trans Pas Air,T6,TP6,United States
Twin Jet,T7,TJT,France
TAN,T8,\N,Argentina
TransMeridian Airlines,T9,TRZ,United States
Thai Star Airlines,T9,TSX,Thailand
Grupo TACA,TA,TAT,Costa Rica
TUI Airlines Belgium,TB,TUB,Belgium
TrasBrasil,TB,TBZ,Brazil
Air Tanzania,TC,ATC,Tanzania
Atlantis European Airways,TD,LUR,Armenia
Tulip Air,TD,TLP,Netherland
FlyLal,TE,LIL,Lithuania
Malmö Aviation,TF,SCW,Sweden
Thai Airways International,TG,THA,Thailand
BA Connect,TH,,United Kingdom
Transmile Air Services,TH,TSE,Malaysia
TransBrasil Airlines,TH,THS,Brazil
Tol-Air Services,TI,TOL,United States
TransHolding,TI,THI,Brazil
Transportes Aéreos Nacionales de Selva,TJ,\N,Peru
T.J. Air,TJ,TJA,United States
Turkish Airlines,TK,THY,Turkey
Airnorth,TL,ANO,Australia
Trans Mediterranean Airlines,TL,TMA,Lebanon
Air Mozambique,TM,\N,Mozambique
Air Tahiti Nui,TN,THT,France
President Airlines,TO,PSD,Cambodia
Transavia France,TO,TVF,France
TAP Portugal,TP,TAP,Portugal
Tandem Aero,TQ,TDM,Moldova
Texas Wings,TQ,TXW,United States
Tiger Airways,TR,TGW,Singapore
Air Transat,TS,TSC,Canada
Air Lithuania,TT,KLA,Lithuania
Tiger Airways Australia,TT,TGW,Australia
Tunisair,TU,TAR,Tunisia
Virgin Express,TV,VEX,Belgium
Trans World Airlines,TW,TWA,United States
Tway Airlines,TW,TWB,South Korea
Air Caraïbes,TX,FWI,France
Air Cal,TY,TPC,France
Iberworld,TY,IWD,Spain
Scoot,TZ,SCO,Singapore
AirOne Polska,U1,1,Poland
Aviabus,U1,ABI,Russia
easyJet,U2,EZY,United Kingdom
United Feeder Service,U2,,United States
Avies,U3,AIA,Estonia
PMTair,U4,PMT,Cambodia
USA3000 Airlines,U5,GWY,United States
Ural Airlines,U6,SVR,Russia
Northern Dene Airways,U7,,Canada
USA Jet Airlines,U7,JUS,United States
Armavia,U8,RNV,Armenia
Tatarstan Airlines,U9,TAK,Russia
United Airlines,UA,UAL,United States
Myanma Airways,UB,UBA,Myanmar
Hex'Air,UD,HER,France
Nasair,UE,NAS,Eritrea
Transeuropean Airlines,UE,TEP,Russia
UM Airlines,UF,UKM,Ukraine
Tuninter,UG,TUI,Tunisia
US Helicopter Corporation,UH,,United States
Eurocypria Airlines,UI,ECA,Cyprus
AlMasria Universal Airlines,UJ,LMU,Egypt
buzz,UK,BUZ,\N
Air UK,UK,\N,United Kingdom
Air Vistara,UK,VTI,India
SriLankan Airlines,UL,ALK,Sri Lanka
Air Zimbabwe,UM,AZW,Zimbabwe
Transaero Airlines,UN,TSO,Russia
Hong Kong Express Airways,UO,HKE,Hong Kong SAR of China
Bahamasair,UP,BHS,Bahamas
O'Connor Airlines,UQ,OCM,Australia
Skyjet Airlines,UQ,SJU,Uganda
UTair-Express,UR,\N,Russia
US Airways,US,USA,United States
UTair Aviation,UT,UTA,Russia
Air Austral,UU,REU,France
UVT Aero,UW,\N,Russia
Air Europa,UX,AEA,Spain
Cameroon Airlines,UY,UYC,Cameroon
El-Buraq Air Transport,UZ,BRQ,Libya
Conviasa,V0,VCV,Venezuela
VIA Líneas Aéreas,V1,VIA,Argentina
Karat,V2,AKT,Russia
Vision Airlines (V2),V2,RBY,United States
Carpatair,V3,KRP,Romania
Reem Air,V4,REK,Kyrgyzstan
Avolar Aerolineas,V5,VLI,Mexico
Royal Aruban Airline,V5,RYL,Aruba
Danube Wings (V5),V5,\N,Slovakia
VIP Ecuador,V6,\N,Ecuador
Air Senegal International,V7,SNG,Senegal
VOLOTEA Airways,V7,VOE,Spain
ATRAN Cargo Airlines,V8,VAS,Russian Federation
BAL Bashkirian Airlines,V9,BTC,Russia
Star1 Airlines,V9,HCW,Lithuania
V Australia Airlines,VA,VAU,Australia
Viasa,VA,,Venezuela
Virgin Australia,VA,VOZ,Australia
Birmingham European,VB,\N,United Kingdom
Pacific Express,VB,\N,United States
Ocean Airlines,VC,VCX,Italy
Voyageur Airways,VC,VAL,Canada
Strategic Airlines,VC,\N,Australia
Air Libert,VD,,France
Kunpeng Airlines,VD,KPA,China
SwedJet Airways,VD,BBB,Sweden
Avensa,VE,AVE,Venezuela
EUjet,VE,EUJ,Ireland
Volare Airlines,VE,VLE,Italy
Valuair,VF,VLU,Singapore
VLM Airlines,VG,VLM,Belgium
Virgin Pacific,VH,VNP,Fiji
Volga-Dnepr Airlines,VI,VDA,Russia
Jatayu Airlines,VJ,JTY,Indonesia
Royal Air Cambodge,VJ,RAC,Cambodia
Virgin Nigeria Airways,VK,VGN,Nigeria
Air VIA,VL,VIM,Bulgaria
Viaggio Air,VM,VOA,Bulgaria
Vietnam Airlines,VN,HVN,Vietnam
Tyrolean Airways,VO,TYR,Austria
VASP,VP,VSP,Brazil
Viking Hellas,VQ,VKH,Greece
TACV,VR,TCV,Portugal
Virgin Atlantic Airways,VS,VIR,United Kingdom
Air Tahiti,VT,VTA,French Polynesia
Air Ivoire,VU,VUN,Ivory Coast
Aerosvit Airlines,VV,AEW,Ukraine
Aeromar,VW,TAO,Mexico
Virgin America,VX,VRD,United States
Formosa Airlines,VY,FOS,Taiwan
Vueling Airlines,VY,VLG,Spain
MyTravel Airways,VZ,MYT,United Kingdom
World Experience Airline,W1,WE1,Canada
Canadian Western Airlines,W2,CWA,Canada
Maastricht Airlines,W2,\N,Netherlands
Arik Air,W3,ARA,Nigeria
World Scale Airlines,W3,WSS,United States
Aero Services Executive,W4,BES,France
AeroWorld ,W4,WER,Russia
Mahan Air,W5,IRM,Iran
Wizz Air,W6,WZZ,Hungary
Austral Brasil,W7,\N,Brazil
Cargojet Airways,W8,CJT,Canada
Abelag Aviation,W9,AAB,Belgium
Air Bagan,W9,JAB,Myanmar
Eastwind Airlines,W9,SGR,United States
KLM Cityhopper,WA,KLC,Netherlands
Western Airlines,WA,WAL,United States
Rwandair Express,WB,RWD,Rwanda
Islena De Inversiones,WC,ISV,Honduras
DAS Air Cargo,WD,DSR,Uganda
Amsterdam Airlines,WD,AAN,Netherlands
Centurion Air Cargo,WE,CWC,United States
Thai Smile Airways,WE,\N,Thailand
Widerøe,WF,WIF,Norway
Sunwing Airlines,WG,SWG,Canada
Worldways,WG,WGC,Canada
Sunwing,WG,\N,Canada
China Northwest Airlines,WH,CNW,China
China Northwest Airlines (WH),WH,\N,China
WebJet Linhas A,WJ,WEB,Brazil
American Falcon,WK,AFB,Argentina
Edelweiss Air,WK,EDW,Switzerland
CheapFlyingInternational,WL,FQR,France
Windward Islands Airways,WM,\N,Netherlands Antilles
Southwest Airlines,WN,SWA,United States
World Airways,WO,WOA,United States
Island Air (WP),WP,MKU,United States
PanAm World Airways,WQ,PQW,United States
Royal Tongan Airlines,WR,HRH,Tonga
WestJet Encore,WR,WEN,Canada
WestJet,WS,WJA,Canada
Wizz Air Ukraine,WU,WAU,Ukraine
Swe Fly,WV,SWV,Sweden
bmibaby,WW,BMI,United Kingdom
CityJet,WX,BCY,Ireland
Oman Air,WY,OMA,Oman
Red Wings,WZ,RWZ,Russia
Nik Airways,X1,\N,Saudi Arabia
TUIfly,X3,HLX,Germany
Fly Romania,X5,OTJ,Romania
Chitaavia,X7,CHF,Russia
Atlantic Air Services,X7,\N,United States
FRA Air,X9,X9F,Germany
Islands Express,X9,\N,United States
XAIR USA,XA,XAU,United States
NEXT Brasil,XB,NXB,Brazil
ExpressJet,XE,BTA,United States
Vladivostok Air,XF,VLK,Russia
Calima Aviacion,XG,CLI,Spain
Mesaba Airlines,XJ,MES,United States
Corse-Mediterranee,XK,CCM,France
Aerolane,XL,LNE,Ecuador
Alitalia Express,XM,SMX,Italy
Xpressair,XN,\N,Indonesia
China Xinhua Airlines,XO,CXH,China
LTE International Airways,XO,LTE,Spain
Xtra Airways,XP,CXP,United States
Caribbean Wings,XP,ZYZ,Turks and Caicos Islands
XPTO,XP,XPT,Portugal
SunExpress,XQ,SXS,Turkey
Skywest Australia,XR,\N,Australia
SITA,XS,SIT,Belgium
Texas Spirit,XS,TXP,United States
Air Exel,XT,AXL,Netherlands
BVI Airways,XV,\N,British Virgin Islands
Sky Express,XW,SXR,Russia
Greenfly,XX,GFY,Spain
Nas Air,XY,KNE,Saudi Arabia
Congo Express,XZ,\N,Congo (Kinshasa)
Yellow Air Taxi,Y0,\N,United States
Yellowstone Club Private Shuttle,Y1,\N,United States
Volaris,Y4,VOI,Mexico
Pace Airlines,Y5,PCE,United States
Asia Wings,Y5,AWA,Kazakhstan
NordStar Airlines,Y7,\N,Russia
Yangtze River Express,Y8,YZR,China
Marusya Airways,Y8,MRS,Russia
Kish Air,Y9,IRK,Iran
Ciel Canadien,YC,YCC,Canada
Gomelavia,YD,\N,Belarus
Yellowtail,YE,YEL,United States
Yangon Airways Ltd.,YH,\N,Burma
TUR Avrupa Hava YollarÄ±,YI,\N,Turkey
Cyprus Turkish Airlines,YK,,Turkey
Yamal Airlines,YL,LLM,Russia
Montenegro Airlines,YM,MGX,Montenegro
TransHolding System,YO,TYS,Brazil
Aero Lloyd (YP),YP,AEF,Germany
Polet Airlines (Priv),YQ,\N,Russia
SENIC AIRLINES,YR,\N,United States
Régional,YS,RAE,France
Air Togo,YT,TGA,Togo
Yeti Airways,YT,\N,Nepal
Mesa Airlines,YV,ASH,United States
Air Nostrum,YW,ANE,Spain
Midwest Airlines,YX,MEP,United States
Virginwings,YY,VWA,Germany
LSM AIRLINES ,YZ,YZZ,Russia
All Argentina Express,Z0,Z9H,Argentina
Zest Air,Z2,\N,Philippines
Avient Aviation,Z3,SMJ,Zimbabwe
Zoom Airlines,Z4,OOM,Canada
INAVIA Internacional,Z5,IIR,Argentina
ZABAIKAL AIRLINES,Z6,ZTT,Russia
ADC Airlines,Z7,ADK,Nigeria
Zimbabwean Airlines,Z7,\N,Zimbabwe
REDjet,Z7,\N,Barbados
Amaszonas,Z8,AZN,Bolivia
Flightlink Tanzania,Z9,\N,Tanzania
Access Air,ZA,CYD,United States
Interavia Airlines,ZA,SUW,Russia
Air Bourbon,ZB,BUB,Reunion
Monarch Airlines,ZB,MON,United Kingdom
Korongo Airlines,ZC,KGO,Congo (Kinshasa)
Arcus-Air Logistic,ZE,AZE,Germany
Lineas Aereas Azteca,ZE,LCD,Mexico
Eastar Jet,ZE,ESR,South Korea
Athens Airways,ZF,\N,Greece
Viva Macau,ZG,VVM,Macao
Shenzhen Airlines,ZH,CSZ,China
Aigle Azur,ZI,AAF,France
Zambezi Airlines (ZMA),ZJ,\N,Zambia
Great Lakes Airlines,ZK,GLA,United States
Regional Express,ZL,RXA,Australia
Apache Air,ZM,IWA,United States
Zenith International Airline,ZN,ZNA,Thailand
Silk Way Airlines,ZP,AZQ,Azerbaijan
Zabaykalskii Airlines,ZP,ZZZ,Russia
Annsett New Zealand (NZA),ZQ,\N,New Zealand
Locair,ZQ,LOC,United States
Sama Airlines,ZS,SMY,Saudi Arabia
Titan Airways,ZT,AWC,United Kingdom
Tomp Airlines,ZT,T9P,Chile
Helios Airways,ZU,HCY,Cyprus
Air Midwest,ZV,AMW,United States
V Air,ZV,VAX,Taiwan
Air Wisconsin,ZW,AWI,United States
Air Georgian,ZX,GGN,Canada
Japan Regio,ZX,ZXY,Japan
Ada Air,ZY,ADE,Albania
Zz,ZZ,\N,Belgium
Аэросервис,АЯ,\N,Russia
KMV,МИ,\N,Russia
Polar Airlines,ЯП,\N,Russia
